,시가,고가,저가,종가,등락률,기관,프로그램
0,88700.0,90000.0,88700.0,89700.0,0.0,-5820240.0,-1091335.0
1,89800.0,91200.0,89100.0,89700.0,-0.99,-1794818.0,-2190774.0
2,90300.0,91400.0,87800.0,90600.0,-0.44,-5885518.0,-4498684.0
3,90000.0,96800.0,89500.0,91000.0,2.48,-13590286.0,-6795684.0
4,83300.0,90000.0,83000.0,88800.0,7.12,-5082378.0,6355911.0
5,82800.0,84200.0,82700.0,82900.0,0.85,2989615.0,-2405575.0
6,83300.0,84500.0,82100.0,82200.0,-2.03,-5326921.0,-4502600.0
7,81600.0,83900.0,81600.0,83900.0,1.08,-2477973.0,-4219395.0
8,81000.0,84400.0,80200.0,83000.0,2.47,-3986032.0,-6770185.0
9,77400.0,81300.0,77300.0,81000.0,3.45,1204866.0,-49981.0
10,78800.0,78900.0,77300.0,78300.0,-0.51,-6166523.0,-2483300.0
11,79000.0,80100.0,78200.0,78700.0,1.16,2397653.0,-4354850.0
12,74100.0,78800.0,74000.0,77800.0,5.28,3706372.0,-601740.0
13,72400.0,74000.0,72300.0,73900.0,2.21,1824496.0,17316.0
14,72500.0,73200.0,72100.0,72300.0,-0.96,-691490.0,-783859.0
15,73100.0,73400.0,72000.0,73000.0,0.0,87322.0,-381879.0
16,73300.0,73700.0,73000.0,73000.0,-0.41,-623279.0,-833563.0
17,73400.0,73700.0,72600.0,73300.0,-0.68,296221.0,-2951447.0
18,74100.0,74500.0,73400.0,73800.0,0.0,725675.0,-2222288.0
19,73800.0,74100.0,73300.0,73800.0,0.0,-694761.0,-495999.0
20,73600.0,74500.0,73200.0,73800.0,0.54,-2076765.0,-561172.0
21,73500.0,73800.0,73100.0,73400.0,0.69,22702.0,-433896.0
22,72700.0,73800.0,72500.0,72900.0,-1.35,-1190759.0,-3159480.0
23,72100.0,73900.0,72000.0,73900.0,3.07,812363.0,-1596396.0
24,72200.0,72900.0,71600.0,71700.0,-1.65,-810198.0,-3272967.0
25,72400.0,73500.0,71900.0,72900.0,1.96,-2772092.0,-395278.0
26,70400.0,72100.0,70100.0,71500.0,2.58,-787542.0,-433438.0
27,70100.0,70500.0,69300.0,69700.0,0.29,-2666867.0,-3056390.0
28,68400.0,69900.0,68300.0,69500.0,2.51,-557183.0,694074.0
29,67100.0,68300.0,67100.0,67800.0,1.65,1463114.0,-1802497.0
30,68400.0,68600.0,66700.0,66700.0,-2.2,1066542.0,-11698090.0
31,68000.0,68400.0,67600.0,68200.0,0.29,-1440589.0,-1539532.0
32,66100.0,68000.0,66000.0,68000.0,2.1,-2276544.0,-1214373.0
33,67900.0,68300.0,66500.0,66600.0,-1.62,466158.0,-2506144.0
34,67900.0,69500.0,67000.0,67700.0,0.3,-3009197.0,-1052667.0
35,64800.0,67800.0,64700.0,67500.0,4.33,637477.0,215335.0
36,63900.0,65200.0,63900.0,64700.0,0.15,-1150454.0,-1754345.0
37,64100.0,64800.0,63900.0,64600.0,-0.31,-966779.0,-1013537.0
38,65700.0,66200.0,64700.0,64800.0,-1.37,372944.0,-2310858.0
39,67000.0,67000.0,65600.0,65700.0,-0.9,-1791090.0,685845.0
40,64000.0,66700.0,63900.0,66300.0,4.91,-404265.0,456517.0
41,61300.0,63200.0,61000.0,63200.0,3.61,2560165.0,5855092.0
42,61000.0,61400.0,60700.0,61000.0,-0.49,-3535683.0,1096783.0
43,60700.0,61400.0,60400.0,61300.0,1.83,2516456.0,4094943.0
44,60500.0,60500.0,59500.0,60200.0,0.0,-2203636.0,1227731.0
45,60700.0,60900.0,60100.0,60200.0,0.17,1011967.0,-428471.0
46,60700.0,60800.0,59600.0,60100.0,-0.33,-635502.0,1588999.0
47,59000.0,60300.0,58800.0,60300.0,3.08,2049526.0,3136355.0
48,58900.0,59000.0,57800.0,58500.0,-0.51,2521227.0,115619.0
49,57900.0,58900.0,57600.0,58800.0,2.44,1864007.0,551970.0
50,56400.0,57500.0,56000.0,57400.0,1.41,-807123.0,-1229922.0
51,58000.0,58000.0,56600.0,56600.0,-2.58,-2649034.0,-6285333.0
52,58200.0,58500.0,57500.0,58100.0,-1.53,-4546669.0,-2395759.0
53,59400.0,59400.0,58800.0,59000.0,-1.34,-2063514.0,-1748128.0
54,60300.0,60300.0,59500.0,59800.0,-0.99,-2725238.0,-166416.0
55,60400.0,61100.0,60100.0,60400.0,0.33,687782.0,99709.0
56,60400.0,60400.0,59800.0,60200.0,0.17,-58971.0,13198.0
57,60300.0,60500.0,59800.0,60100.0,-1.31,94692.0,-1195495.0
58,61200.0,61500.0,60600.0,60900.0,0.0,-461716.0,-1357944.0
59,60300.0,60900.0,60100.0,60900.0,1.5,1671130.0,1019852.0
60,59600.0,60200.0,59500.0,60000.0,0.84,899588.0,-994909.0
61,60000.0,60400.0,59000.0,59500.0,-0.83,127734.0,-1295250.0
62,60700.0,60800.0,59700.0,60000.0,-1.48,-238001.0,-1737980.0
63,61000.0,61100.0,60500.0,60900.0,0.0,-202689.0,1040813.0
64,61000.0,61400.0,60400.0,60900.0,0.83,621683.0,1400618.0
65,60000.0,60400.0,59900.0,60400.0,1.17,758916.0,1001175.0
66,60500.0,60700.0,59500.0,59700.0,-0.33,-3336344.0,948155.0
67,58700.0,59900.0,58500.0,59900.0,1.53,2005178.0,568867.0
68,59400.0,59900.0,58700.0,59000.0,0.51,-431413.0,-106117.0
69,57500.0,59200.0,57500.0,58700.0,0.86,1590890.0,1210489.0
70,58300.0,59000.0,58200.0,58200.0,0.0,302067.0,-64452.0
71,58300.0,58800.0,57900.0,58200.0,0.52,1067096.0,-2301351.0
72,57700.0,58200.0,57700.0,57900.0,0.17,-157605.0,-1280664.0
73,57700.0,58600.0,57600.0,57800.0,-1.37,-302216.0,-2153189.0
74,58400.0,58800.0,57400.0,58600.0,0.69,-1784682.0,-1205527.0
75,59100.0,59700.0,57800.0,58200.0,-1.69,-4025177.0,-1564825.0
76,59100.0,60000.0,59000.0,59200.0,-0.17,624218.0,810166.0
77,59800.0,59900.0,59100.0,59300.0,-0.34,189886.0,-1301652.0
78,60700.0,60800.0,59300.0,59500.0,-2.46,-2151034.0,-1614014.0
79,61100.0,61300.0,60600.0,61000.0,0.0,-1703549.0,-704839.0
80,60900.0,61000.0,60500.0,61000.0,0.99,-1867006.0,-176837.0
81,60200.0,60800.0,59900.0,60400.0,2.37,1491903.0,-1155085.0
82,59300.0,59400.0,58200.0,59000.0,-0.34,-1081621.0,-1235137.0
83,59900.0,60000.0,59100.0,59200.0,1.37,-1455578.0,-2495382.0
84,58200.0,59300.0,57800.0,58400.0,-0.51,320935.0,-2283089.0
85,57400.0,58700.0,57200.0,58700.0,3.89,2888255.0,432810.0
86,56100.0,57300.0,55800.0,56500.0,1.62,-897885.0,-689447.0
87,55200.0,55800.0,55100.0,55600.0,-1.42,-2508980.0,-3695100.0
88,55600.0,56700.0,55500.0,56400.0,3.68,265036.0,67671.0
89,54600.0,55100.0,54100.0,54400.0,0.37,59529.0,-754462.0
90,54100.0,54800.0,54100.0,54200.0,0.37,-952340.0,-1518532.0
91,56000.0,56100.0,54000.0,54000.0,-2.53,-509866.0,-5456279.0
92,56100.0,56300.0,55400.0,55400.0,-0.36,428036.0,-2537813.0
93,56300.0,56300.0,55600.0,55600.0,-1.42,-2848392.0,-750252.0
94,56400.0,56500.0,55700.0,56400.0,0.0,-3231228.0,1322177.0
95,56400.0,56800.0,56100.0,56400.0,0.53,-1178636.0,-273748.0
96,55800.0,56600.0,55400.0,56100.0,0.36,-1193461.0,158128.0
97,56200.0,56900.0,55800.0,55900.0,0.9,-1567729.0,1431318.0
98,57600.0,57600.0,55300.0,55400.0,-4.15,-5264447.0,-743373.0
99,59000.0,59200.0,57800.0,57800.0,-1.03,-798341.0,-1199135.0
100,58900.0,59900.0,58000.0,58400.0,0.69,3604406.0,1844748.0
101,58000.0,58400.0,57700.0,58000.0,-1.19,640158.0,-987968.0
102,59400.0,59600.0,58000.0,58700.0,-0.51,225932.0,-460966.0
103,58200.0,59000.0,57700.0,59000.0,1.37,-52490.0,-48633.0
104,58000.0,59500.0,57800.0,58200.0,0.69,918477.0,-737525.0
105,57600.0,58300.0,57500.0,57800.0,0.52,-628631.0,-719237.0
106,57900.0,58400.0,57100.0,57500.0,-0.86,-3358271.0,-2132406.0
107,57100.0,58400.0,57100.0,58000.0,1.93,147756.0,-192120.0
108,57300.0,57500.0,56300.0,56900.0,-0.7,-2880624.0,-1500531.0
109,57200.0,58100.0,57000.0,57300.0,0.88,-622191.0,-2764121.0
110,57800.0,57900.0,56700.0,56800.0,-1.9,-1592111.0,-2602624.0
111,59500.0,59600.0,57700.0,57900.0,-1.86,-2185878.0,-3000203.0
112,59700.0,60100.0,59000.0,59000.0,0.0,-1028015.0,-166848.0
113,60300.0,60400.0,58600.0,59000.0,0.68,-1453164.0,-1350312.0
114,57000.0,58800.0,56400.0,58600.0,5.4,214491.0,4380719.0
115,54300.0,55700.0,54300.0,55600.0,2.58,1564238.0,2686670.0
116,54000.0,54400.0,53700.0,54200.0,0.18,-1060195.0,-358753.0
117,54700.0,54700.0,53800.0,54100.0,-1.1,-2749215.0,-286420.0
118,55300.0,55500.0,54700.0,54700.0,-1.08,-911194.0,-828382.0
119,55200.0,55400.0,54800.0,55300.0,2.03,1532617.0,1437467.0
120,54800.0,54800.0,54000.0,54200.0,-0.37,-1177682.0,-656335.0
121,54200.0,54700.0,54100.0,54400.0,1.12,361430.0,-145872.0
122,54800.0,54800.0,53800.0,53800.0,-1.65,41031.0,13313.0
123,54400.0,55000.0,54300.0,54700.0,1.67,2163330.0,408064.0
124,53700.0,53800.0,53200.0,53800.0,0.75,-1611705.0,283884.0
125,53300.0,53800.0,53100.0,53400.0,1.33,1102235.0,1374210.0
126,53100.0,53200.0,52300.0,52700.0,-0.19,-3596592.0,1090592.0
127,53200.0,53600.0,52800.0,52800.0,-0.38,-2283249.0,-225137.0
128,53600.0,53900.0,52900.0,53000.0,-0.75,-1497777.0,-2154153.0
129,55800.0,55900.0,53400.0,53400.0,-2.91,-4064374.0,-1720862.0
130,54000.0,55000.0,53800.0,55000.0,2.61,4362954.0,847223.0
131,53000.0,53600.0,52700.0,53600.0,1.32,991665.0,1135592.0
132,52100.0,52900.0,52100.0,52900.0,0.57,-470182.0,861247.0
133,53400.0,53600.0,52400.0,52600.0,-0.38,427136.0,579607.0
134,53900.0,53900.0,52800.0,52800.0,0.76,1240703.0,-1724034.0
135,52500.0,53200.0,52000.0,52400.0,-1.69,-884248.0,-1622307.0
136,52800.0,53900.0,52200.0,53300.0,2.7,1444962.0,-597528.0
137,52100.0,53000.0,51900.0,51900.0,-1.89,-3830158.0,-2476213.0
138,51900.0,53900.0,51600.0,52900.0,2.92,1274576.0,1207752.0
139,52500.0,52800.0,51100.0,51400.0,-1.15,-1560716.0,-621539.0
140,52000.0,52600.0,51800.0,52000.0,-1.7,3638.0,-1587978.0
141,52600.0,52900.0,51600.0,52900.0,1.15,-517686.0,-961798.0
142,52200.0,52300.0,51600.0,52300.0,0.19,-409485.0,720604.0
143,52100.0,52900.0,51300.0,52200.0,0.19,-151661.0,604355.0
144,51200.0,52100.0,50600.0,52100.0,4.41,3110321.0,-1187140.0
145,51400.0,52000.0,49900.0,49900.0,-4.59,-3866544.0,-2263049.0
146,52100.0,52800.0,51500.0,52300.0,-3.68,-1817006.0,-1051883.0
147,54500.0,55100.0,53200.0,54300.0,-1.99,-6695404.0,-5281671.0
148,55100.0,55900.0,54900.0,55400.0,-0.18,1089492.0,-296495.0
149,55800.0,56500.0,54400.0,55500.0,1.09,-2723503.0,-332436.0
150,56400.0,56500.0,54700.0,54900.0,-1.08,-1145041.0,-2991254.0
151,54400.0,55900.0,54000.0,55500.0,1.65,2748553.0,-904097.0
152,55800.0,57000.0,54600.0,54600.0,0.18,1608999.0,1393152.0
153,51800.0,55000.0,51700.0,54500.0,6.03,9562698.0,2813480.0
154,51000.0,51500.0,50800.0,51400.0,0.39,901384.0,-325032.0
155,50800.0,51200.0,50600.0,51200.0,0.99,2097711.0,-248131.0
156,50000.0,50700.0,49700.0,50700.0,0.6,-1892811.0,2354529.0
157,51100.0,51200.0,49900.0,50400.0,1.0,2771160.0,-54913.0
158,48950.0,50000.0,48800.0,49900.0,1.32,124198.0,173870.0
159,48700.0,49450.0,48600.0,49250.0,0.82,1661696.0,-1234367.0
160,48750.0,48900.0,48450.0,48850.0,0.21,223787.0,-1041474.0
161,49600.0,49800.0,48600.0,48750.0,-2.4,-2867180.0,-2567718.0
162,50300.0,50400.0,49850.0,49950.0,-0.1,-2354362.0,744074.0
163,50000.0,50200.0,49800.0,50000.0,-0.6,-135032.0,-1664939.0
164,50100.0,50500.0,49700.0,50300.0,3.07,5221214.0,-912847.0
165,47950.0,49100.0,47600.0,48800.0,1.99,1776147.0,-568070.0
166,48400.0,48450.0,47700.0,47850.0,-0.31,1837854.0,-3143410.0
167,47750.0,48100.0,47650.0,48000.0,-1.13,-1274757.0,246489.0
168,47250.0,48550.0,47200.0,48550.0,1.36,-499195.0,2679696.0
169,48400.0,48500.0,47550.0,47900.0,-1.03,-3274163.0,-1177938.0
170,48900.0,49250.0,48300.0,48400.0,-0.82,-1688512.0,-1460182.0
171,49100.0,49350.0,48800.0,48800.0,0.0,1042243.0,-563217.0
172,49200.0,49300.0,48700.0,48800.0,-0.81,101232.0,-1348658.0
173,49000.0,49200.0,48500.0,49200.0,1.44,999598.0,-2317379.0
174,48900.0,49100.0,48500.0,48500.0,-3.0,-5100257.0,-7037541.0
175,49900.0,50500.0,49600.0,50000.0,-0.2,389165.0,343987.0
176,49850.0,50100.0,49300.0,50100.0,0.5,-918536.0,-474783.0
177,49350.0,50000.0,49100.0,49850.0,1.01,2250026.0,-505129.0
178,49650.0,49750.0,49000.0,49350.0,-1.0,-2717826.0,-2514562.0
179,50200.0,50300.0,49500.0,49850.0,0.0,704438.0,-2204228.0
180,48700.0,50000.0,48350.0,49850.0,1.22,-2563503.0,-1629266.0
181,49400.0,49700.0,48700.0,49250.0,-1.7,-1675809.0,-4969958.0
182,51400.0,51400.0,50000.0,50100.0,-2.53,-3573780.0,-3603570.0
183,50800.0,52000.0,50300.0,51400.0,4.9,2323777.0,2387186.0
184,49350.0,49350.0,48550.0,49000.0,0.0,322641.0,-1353178.0
185,48800.0,49200.0,48300.0,49000.0,1.45,2641367.0,353938.0
186,48650.0,48900.0,48300.0,48300.0,-1.93,-2927673.0,-1304349.0
187,48950.0,49250.0,48650.0,49250.0,0.31,-2431095.0,-1418322.0
188,49750.0,49800.0,48700.0,49100.0,1.03,-1336475.0,-2343035.0
189,49600.0,49750.0,48600.0,48600.0,-2.02,-2911519.0,-1842935.0
190,49650.0,50200.0,49000.0,49600.0,1.85,1106192.0,-1020990.0
191,47500.0,48800.0,47250.0,48700.0,3.62,5980825.0,138385.0
192,47400.0,47600.0,46550.0,47000.0,0.43,-587916.0,-1468100.0
193,46200.0,46850.0,45350.0,46800.0,2.18,1345934.0,-1116491.0
194,47450.0,47900.0,45800.0,45800.0,-4.08,-4655042.0,-5717082.0
195,48000.0,48500.0,47150.0,47750.0,-0.21,-3001427.0,-1548299.0
196,47050.0,48350.0,46550.0,47850.0,-0.93,-18826.0,-984493.0
197,49600.0,49700.0,46850.0,48300.0,1.05,966564.0,-3824407.0
198,49000.0,49300.0,47700.0,47800.0,-1.75,-3707948.0,-2702780.0
199,48950.0,49600.0,47150.0,48650.0,3.62,-1695448.0,-3379421.0
200,43850.0,46950.0,43050.0,46950.0,10.47,3254324.0,1429364.0
201,42600.0,43550.0,42400.0,42500.0,-6.39,-3248991.0,-4904867.0
202,44150.0,45500.0,43550.0,45400.0,5.7,1669124.0,-4275458.0
203,46400.0,46650.0,42300.0,42950.0,-5.81,1612440.0,-3051990.0
204,47750.0,48350.0,45600.0,45600.0,-3.59,-5663938.0,-3842225.0
205,46900.0,49650.0,46700.0,47300.0,-3.27,2488584.0,-7590844.0
206,50100.0,50900.0,48800.0,48900.0,-2.1,-3277723.0,-8173.0
207,47450.0,51600.0,46850.0,49950.0,-1.67,4036953.0,-6252161.0
208,51000.0,51900.0,49300.0,50800.0,-2.5,3490945.0,-2943399.0
209,54300.0,54400.0,52000.0,52100.0,-4.58,-2842894.0,-4599340.0
210,53800.0,54900.0,53700.0,54600.0,0.74,3891630.0,-2342001.0
211,54700.0,55000.0,53600.0,54200.0,-4.07,-148308.0,-4619113.0
212,56500.0,57200.0,56200.0,56500.0,-2.25,-993225.0,-573095.0
213,57600.0,58000.0,56700.0,57800.0,0.7,-851793.0,-284393.0
214,54800.0,57600.0,54600.0,57400.0,3.61,-1047440.0,3530827.0
215,56700.0,56900.0,55100.0,55400.0,0.73,-1698368.0,984587.0
216,54300.0,55500.0,53600.0,55000.0,1.48,2215716.0,-1658516.0
217,55000.0,55500.0,54200.0,54200.0,-3.04,2825029.0,-3444096.0
218,56300.0,56900.0,55500.0,55900.0,-1.06,-110165.0,-634385.0
219,56000.0,57000.0,56000.0,56500.0,-2.42,505796.0,-3897888.0
220,56200.0,58000.0,56200.0,57900.0,1.94,1389642.0,-2259045.0
221,57400.0,58100.0,56800.0,56800.0,-4.05,2612960.0,-2683505.0
222,58800.0,59800.0,58500.0,59200.0,-1.33,-2388943.0,318338.0
223,60700.0,61300.0,59600.0,60000.0,-0.33,-389665.0,-635041.0
224,59800.0,60400.0,59400.0,60200.0,0.67,697276.0,209278.0
225,60800.0,60900.0,59700.0,59800.0,-2.76,-2458387.0,-640623.0
226,61600.0,62000.0,61200.0,61500.0,-0.49,471048.0,-109501.0
227,60900.0,61900.0,60200.0,61800.0,1.81,699682.0,950029.0
228,61200.0,61600.0,60500.0,60700.0,0.33,-1916497.0,1806012.0
229,60300.0,60700.0,59700.0,60500.0,1.0,1516828.0,921792.0
230,59800.0,60700.0,59700.0,59900.0,0.34,1889247.0,-118067.0
231,59200.0,59800.0,59100.0,59700.0,-1.16,-263054.0,402277.0
232,61100.0,61200.0,59700.0,60400.0,-1.15,-2436611.0,-1683357.0
233,60100.0,61100.0,59700.0,61100.0,2.69,2483655.0,1214190.0
234,60000.0,60200.0,58900.0,59500.0,1.02,-4459274.0,929042.0
235,57100.0,59000.0,56800.0,58900.0,2.97,-3797514.0,918872.0
236,55500.0,57400.0,55200.0,57200.0,1.42,1076953.0,690801.0
237,57800.0,58400.0,56400.0,56400.0,-1.4,1648681.0,-1575262.0
238,58800.0,58800.0,56800.0,57200.0,-3.21,-2262500.0,-2642221.0
239,59100.0,59700.0,58800.0,59100.0,0.51,-2537821.0,-1007128.0
240,59400.0,59400.0,58300.0,58800.0,-3.29,1057597.0,-2753882.0
241,61800.0,61800.0,60700.0,60800.0,-2.41,-1906336.0,-1068281.0
242,60500.0,62600.0,60400.0,62300.0,1.47,1649008.0,122947.0
243,62000.0,62400.0,61200.0,61400.0,-1.6,-1255045.0,217876.0
244,62000.0,62800.0,61700.0,62400.0,1.79,222082.0,551708.0
245,61900.0,62000.0,61000.0,61300.0,0.99,-1267549.0,207656.0
246,59100.0,60700.0,59000.0,60700.0,2.88,-676031.0,1790958.0
247,59500.0,59600.0,58900.0,59000.0,-1.67,244147.0,-220772.0
248,60400.0,61000.0,59900.0,60000.0,0.0,-1666086.0,74.0
249,59600.0,60000.0,59100.0,60000.0,0.84,-1512823.0,169313.0
250,58800.0,59700.0,58300.0,59500.0,1.54,-2954194.0,964831.0
251,58400.0,58600.0,57400.0,58600.0,3.17,-2302970.0,3377084.0
252,56200.0,57400.0,55900.0,56800.0,1.79,73413.0,946924.0
253,55700.0,56400.0,55600.0,55800.0,0.54,51896.0,781304.0
254,54900.0,55600.0,54600.0,55500.0,0.0,-1199654.0,1408378.0
255,56000.0,56600.0,54900.0,55500.0,0.54,-2228329.0,988735.0
256,55500.0,56000.0,55000.0,55200.0,-1.08,-2354766.0,-2691795.0
257,56200.0,56600.0,55700.0,55800.0,-1.24,1863761.0,-2352903.0
258,55700.0,56900.0,55500.0,56500.0,1.99,596470.0,-108240.0
259,54700.0,55400.0,54400.0,55400.0,0.73,2955575.0,1036187.0
260,55600.0,55700.0,54800.0,55000.0,-0.9,1390595.0,18562.0
261,56100.0,56400.0,55100.0,55500.0,-0.89,1045950.0,329329.0
262,56100.0,56500.0,55600.0,56000.0,0.0,-140870.0,-85568.0
263,57000.0,57300.0,55500.0,56000.0,-0.53,-1060547.0,-272462.0
264,56700.0,57200.0,56000.0,56300.0,-0.71,-1665838.0,12860.0
265,55800.0,56700.0,55400.0,56700.0,3.66,-312676.0,3017767.0
266,54500.0,54900.0,54300.0,54700.0,0.0,2348450.0,1324285.0
267,54500.0,54800.0,53900.0,54700.0,2.63,2462464.0,4178040.0
268,53000.0,53300.0,52700.0,53300.0,2.7,1381791.0,2268763.0
269,51500.0,52200.0,51400.0,51900.0,0.78,777723.0,1039033.0
270,51000.0,51600.0,50700.0,51500.0,0.59,824233.0,909563.0
271,50900.0,51400.0,50700.0,51200.0,1.59,113143.0,-702173.0
272,50100.0,50900.0,49950.0,50400.0,1.82,1286390.0,1198208.0
273,50200.0,50400.0,49500.0,49500.0,0.1,-414244.0,1983684.0
274,49600.0,49850.0,49000.0,49450.0,-0.9,147190.0,1401979.0
275,49800.0,50300.0,49500.0,49900.0,-0.99,1706963.0,-783933.0
276,50900.0,51300.0,50400.0,50400.0,0.2,2406489.0,9378.0
277,51200.0,51400.0,50200.0,50300.0,-1.95,-293759.0,-1545857.0
278,51900.0,52100.0,51300.0,51300.0,-1.72,533122.0,-574099.0
279,51800.0,52300.0,51600.0,52200.0,0.77,809775.0,-49466.0
280,51900.0,52900.0,51800.0,51800.0,0.0,6971446.0,-6073789.0
281,52200.0,52600.0,51700.0,51800.0,0.39,2435789.0,-2043364.0
282,51000.0,51600.0,50900.0,51600.0,1.18,2037321.0,-318488.0
283,51600.0,52100.0,50600.0,51000.0,-1.92,2168946.0,-460813.0
284,53400.0,53400.0,52000.0,52000.0,-2.8,221794.0,-577103.0
285,53200.0,53500.0,52700.0,53500.0,0.0,-473677.0,-473439.0
286,53600.0,53800.0,53200.0,53500.0,-0.37,698517.0,-975282.0
287,52900.0,53700.0,52600.0,53700.0,1.7,4314078.0,429165.0
288,51900.0,52800.0,51900.0,52800.0,0.57,1515686.0,289307.0
289,52500.0,52500.0,52000.0,52500.0,-0.19,-1138340.0,-103919.0
290,51800.0,52600.0,51600.0,52600.0,1.94,307275.0,7982.0
291,52200.0,52200.0,51400.0,51600.0,-0.96,-148067.0,-174326.0
292,53200.0,53300.0,52000.0,52100.0,-1.51,298325.0,-862318.0
293,53400.0,53400.0,52400.0,52900.0,-0.75,218876.0,-561989.0
294,52900.0,53500.0,52700.0,53300.0,1.14,-2225167.0,1002882.0
295,52400.0,52700.0,52100.0,52700.0,0.76,-872188.0,1507700.0
296,51700.0,52300.0,51400.0,52300.0,2.15,1908996.0,775248.0
297,50600.0,51200.0,50400.0,51200.0,1.59,-961398.0,1676073.0
298,51000.0,51400.0,50300.0,50400.0,0.0,625812.0,1222433.0
299,50700.0,50800.0,50200.0,50400.0,-1.37,-1001770.0,51197.0
300,51400.0,51700.0,50800.0,51100.0,-0.39,733952.0,957481.0
301,50700.0,51500.0,50700.0,51300.0,0.79,853686.0,134775.0
302,50800.0,51200.0,50500.0,50900.0,0.39,799881.0,-271323.0
303,52500.0,52500.0,50500.0,50700.0,-0.98,903966.0,814703.0
304,51300.0,51500.0,50800.0,51200.0,0.0,-1144153.0,76469.0
305,50800.0,51500.0,50700.0,51200.0,1.79,2175308.0,838833.0
306,49900.0,50400.0,49800.0,50300.0,0.8,449500.0,-503192.0
307,50300.0,50900.0,49650.0,49900.0,-1.19,-1851593.0,-100201.0
308,50500.0,50600.0,50100.0,50500.0,-0.39,511280.0,23025.0
309,50700.0,50900.0,50400.0,50700.0,1.2,784343.0,999955.0
310,49900.0,50200.0,49900.0,50100.0,0.2,471561.0,-404372.0
311,50000.0,50300.0,49850.0,50000.0,1.73,1673566.0,-1038061.0
312,49000.0,49450.0,48800.0,49150.0,1.24,475476.0,1183544.0
313,48200.0,49200.0,48000.0,48550.0,-0.72,-552280.0,-400273.0
314,47900.0,49000.0,47600.0,48900.0,2.41,1861520.0,3216159.0
315,48350.0,48700.0,47650.0,47750.0,-0.52,464244.0,227735.0
316,47400.0,48650.0,47350.0,48000.0,0.84,568109.0,-311391.0
317,48350.0,48400.0,47600.0,47600.0,-2.56,-1845220.0,-88679.0
318,48900.0,49100.0,48650.0,48850.0,-0.41,1431272.0,-1317876.0
319,48050.0,49250.0,47900.0,49050.0,1.34,-121214.0,427414.0
320,48000.0,48700.0,48000.0,48400.0,-1.63,-1111879.0,615310.0
321,49000.0,49250.0,48900.0,49200.0,0.61,86986.0,313869.0
322,49200.0,49350.0,48800.0,48900.0,-1.21,1498119.0,-177041.0
323,49050.0,49650.0,48850.0,49500.0,0.41,2174363.0,369170.0
324,49250.0,49300.0,49000.0,49300.0,0.2,540202.0,-255443.0
325,49400.0,49600.0,49100.0,49200.0,0.1,1786314.0,872790.0
326,48050.0,49200.0,47850.0,49150.0,3.04,-1113536.0,749473.0
327,46900.0,47700.0,46800.0,47700.0,1.71,53904.0,688500.0
328,47000.0,47100.0,46800.0,46900.0,-0.42,-98968.0,1291449.0
329,47000.0,47100.0,46400.0,47100.0,-0.11,635647.0,1082184.0
330,47300.0,47400.0,46800.0,47150.0,0.32,1774160.0,3452772.0
331,47100.0,47200.0,46550.0,47000.0,0.21,433307.0,-563402.0
332,46450.0,47000.0,46300.0,46900.0,1.3,-191743.0,520792.0
333,46500.0,46500.0,45850.0,46300.0,1.31,-67148.0,248771.0
334,44800.0,46100.0,44450.0,45700.0,3.63,1764816.0,1820239.0
335,43250.0,44100.0,43150.0,44100.0,1.97,3876663.0,-1142414.0
336,43550.0,43650.0,43100.0,43250.0,-1.26,1186819.0,-405493.0
337,44850.0,44850.0,43650.0,43800.0,-0.45,792815.0,680733.0
338,43750.0,44300.0,43750.0,44000.0,1.38,2718144.0,-430749.0
339,44200.0,44200.0,43050.0,43400.0,-1.7,707796.0,71420.0
340,44100.0,44400.0,43750.0,44150.0,0.23,307343.0,-7747.0
341,43650.0,44200.0,43600.0,44050.0,1.03,2383483.0,-1187756.0
342,43050.0,43800.0,42950.0,43600.0,-0.8,709629.0,423220.0
343,43800.0,44200.0,43650.0,43950.0,-0.23,473491.0,-129093.0
344,44500.0,44700.0,43850.0,44050.0,-1.01,-525680.0,-954638.0
345,44350.0,44800.0,44150.0,44500.0,0.11,689126.0,-461648.0
346,43950.0,44600.0,43550.0,44450.0,1.95,-386132.0,-161675.0
347,44350.0,44350.0,43500.0,43600.0,-0.68,1336296.0,-1133461.0
348,43800.0,43900.0,43300.0,43900.0,0.46,539181.0,-1279136.0
349,43900.0,44250.0,43500.0,43700.0,1.63,-252601.0,-224795.0
350,43500.0,43500.0,42950.0,43000.0,-1.6,1470933.0,-1070199.0
351,44000.0,44000.0,43550.0,43700.0,1.27,-812647.0,-107281.0
352,43250.0,43350.0,43050.0,43150.0,1.17,-1057668.0,1411002.0
353,43250.0,43500.0,42650.0,42650.0,-1.27,-898852.0,-1383964.0
354,43600.0,43900.0,43100.0,43200.0,-0.69,592639.0,-343728.0
355,42500.0,43800.0,42500.0,43500.0,-1.02,6632830.0,-3617321.0
356,44350.0,44600.0,43600.0,43950.0,-2.22,4676255.0,-229994.0
357,44550.0,45500.0,44300.0,44950.0,-0.55,1896190.0,-296040.0
358,44900.0,45500.0,44850.0,45200.0,-0.33,653331.0,-593552.0
359,46200.0,46600.0,45000.0,45350.0,-2.58,835389.0,-445770.0
360,46300.0,46850.0,46300.0,46550.0,0.98,-980043.0,693168.0
361,46800.0,47050.0,46000.0,46100.0,-2.23,1613580.0,-318965.0
362,46650.0,47150.0,46550.0,47150.0,-0.11,-511171.0,-527163.0
363,47150.0,47200.0,46600.0,47200.0,1.72,-1384305.0,2024844.0
364,47100.0,47150.0,46250.0,46400.0,-1.9,-1058701.0,215291.0
365,47350.0,47550.0,47050.0,47300.0,0.21,684975.0,1490797.0
366,46800.0,47300.0,46600.0,47200.0,0.85,-1589294.0,4232574.0
367,46650.0,46950.0,46600.0,46800.0,1.52,1739424.0,1092684.0
368,46450.0,46450.0,45650.0,46100.0,0.11,-1143041.0,472130.0
369,46150.0,46350.0,45950.0,46050.0,-1.71,44951.0,-451647.0
370,46450.0,46850.0,46300.0,46850.0,0.86,-415971.0,372697.0
371,45950.0,46650.0,45750.0,46450.0,0.32,-158946.0,503.0
372,46350.0,46400.0,45800.0,46300.0,0.22,-389436.0,-43270.0
373,46350.0,46550.0,46150.0,46200.0,1.43,-1863773.0,1536035.0
374,45550.0,46150.0,45500.0,45550.0,1.0,-357567.0,361676.0
375,44850.0,45450.0,44700.0,45100.0,1.58,-410339.0,1018294.0
376,44750.0,44800.0,44350.0,44400.0,-2.74,-167698.0,-65043.0
377,45950.0,45950.0,45250.0,45650.0,-0.76,-228717.0,-281570.0
378,45250.0,46200.0,45250.0,46000.0,1.32,-536391.0,1189602.0
379,45750.0,46350.0,45200.0,45400.0,-1.84,180539.0,51461.0
380,46200.0,46900.0,45850.0,46250.0,-0.75,150976.0,378239.0
381,47350.0,47400.0,46250.0,46600.0,-0.85,-76250.0,566395.0
382,47000.0,47000.0,46700.0,47000.0,1.08,-1937091.0,1927103.0
383,46000.0,46600.0,45750.0,46500.0,1.75,266089.0,693427.0
384,45800.0,46000.0,45600.0,45700.0,0.22,438540.0,-488489.0
385,45200.0,45800.0,45200.0,45600.0,0.22,262689.0,194810.0
386,45200.0,45800.0,45200.0,45500.0,-0.44,1052742.0,-248617.0
387,45750.0,45800.0,45200.0,45700.0,0.44,-266729.0,-1326204.0
388,44850.0,45500.0,44850.0,45500.0,0.33,667690.0,-976832.0
389,45450.0,45450.0,45000.0,45350.0,2.25,457835.0,1425188.0
390,43750.0,44500.0,43650.0,44350.0,1.03,37652.0,-172632.0
391,43750.0,44050.0,43400.0,43900.0,-0.23,881893.0,-449511.0
392,43750.0,44150.0,43300.0,44000.0,0.57,-203691.0,1667699.0
393,44200.0,44400.0,43400.0,43750.0,-1.91,-473234.0,904454.0
394,44800.0,45050.0,44300.0,44600.0,-0.56,361666.0,1259901.0
395,44800.0,45000.0,44550.0,44850.0,0.11,419625.0,-106426.0
396,44300.0,44850.0,44050.0,44800.0,1.36,1122475.0,1638257.0
397,43600.0,44350.0,43450.0,44200.0,0.68,627336.0,600423.0
398,44050.0,44200.0,43700.0,43900.0,1.04,1610751.0,647820.0
399,43400.0,43700.0,43000.0,43450.0,-0.8,1720050.0,-255054.0
400,42950.0,43900.0,42500.0,43800.0,3.06,-1144420.0,3613950.0
401,42600.0,42800.0,42150.0,42500.0,-0.12,-619930.0,1391977.0
402,42200.0,42700.0,42150.0,42550.0,1.79,-786857.0,513001.0
403,41850.0,42100.0,41300.0,41800.0,-1.76,861355.0,-1362163.0
404,42550.0,42950.0,42150.0,42550.0,-0.23,3867735.0,-731361.0
405,42500.0,43000.0,42350.0,42650.0,-0.12,939502.0,954844.0
406,43800.0,43800.0,42400.0,42700.0,-2.62,2395517.0,-1622668.0
407,43900.0,44000.0,43250.0,43850.0,0.8,-1816229.0,2117274.0
408,43700.0,43800.0,42400.0,43500.0,0.81,-1499052.0,-877721.0
409,42600.0,43950.0,42350.0,43150.0,2.74,-1096752.0,781365.0
410,41650.0,42100.0,41550.0,42000.0,1.94,-231513.0,309401.0
411,41950.0,42050.0,40850.0,41200.0,-0.84,-795588.0,-925355.0
412,42350.0,42400.0,41350.0,41550.0,-2.35,26318.0,-1390563.0
413,42700.0,43050.0,42550.0,42550.0,-0.23,-611398.0,-106905.0
414,41300.0,43100.0,41300.0,42650.0,0.0,1578351.0,-1244645.0
415,42500.0,43200.0,42350.0,42650.0,-0.58,-1078227.0,-240663.0
416,42600.0,43450.0,42450.0,42900.0,1.06,201245.0,-1261991.0
417,43900.0,44250.0,42450.0,42450.0,-4.07,-3556441.0,-5612406.0
418,44300.0,44850.0,44200.0,44250.0,-1.34,-1335229.0,19034.0
419,45250.0,45300.0,44400.0,44850.0,-0.99,-2607527.0,853433.0
420,45900.0,46050.0,45300.0,45300.0,-1.31,-1733814.0,321655.0
421,45500.0,46150.0,45400.0,45900.0,0.11,211235.0,-285054.0
422,46000.0,46300.0,45350.0,45850.0,-0.65,-300524.0,-388324.0
423,45150.0,46150.0,45100.0,46150.0,2.9,677291.0,336228.0
424,44200.0,45000.0,43800.0,44850.0,0.45,-743255.0,497179.0
425,44250.0,45000.0,44100.0,44650.0,-0.22,354102.0,1920260.0
426,45400.0,45650.0,44150.0,44750.0,-1.0,-2371650.0,119857.0
427,45050.0,45500.0,45000.0,45200.0,-0.33,-530724.0,856438.0
428,45400.0,45900.0,45100.0,45350.0,0.11,-734431.0,-667213.0
429,45750.0,46000.0,45250.0,45300.0,-0.66,288155.0,-2037146.0
430,47200.0,47250.0,45500.0,45600.0,-3.08,196678.0,-3206026.0
431,47300.0,47600.0,47000.0,47050.0,-0.42,9754.0,103266.0
432,47400.0,47400.0,46800.0,47250.0,0.43,-1007523.0,835172.0
433,47150.0,47500.0,47000.0,47050.0,0.43,-555950.0,449090.0
434,46050.0,46900.0,46000.0,46850.0,1.3,-1161347.0,1290492.0
435,46700.0,46800.0,46150.0,46250.0,-0.96,-2254821.0,-22833.0
436,46400.0,46700.0,46050.0,46700.0,0.11,1104954.0,-1254074.0
437,46700.0,46950.0,46200.0,46650.0,0.0,-728589.0,498948.0
438,47250.0,47250.0,46150.0,46650.0,-0.43,-1100553.0,428890.0
439,46950.0,47550.0,46600.0,46850.0,-0.21,604594.0,178818.0
440,46150.0,47100.0,46150.0,46950.0,0.75,1237927.0,1201934.0
441,46750.0,46750.0,45800.0,46600.0,1.86,1261509.0,1051554.0
442,45550.0,46100.0,45350.0,45750.0,1.55,-1299833.0,2028420.0
443,45200.0,45450.0,44850.0,45050.0,0.9,383701.0,1000835.0
444,44500.0,44900.0,44200.0,44650.0,-0.45,325024.0,1234517.0
445,44950.0,45200.0,44300.0,44850.0,-1.1,-864538.0,1030169.0
446,44750.0,45600.0,44250.0,45350.0,0.22,1031230.0,613470.0
447,45500.0,45700.0,44900.0,45250.0,-0.55,-1332399.0,1791117.0
448,45300.0,45650.0,44800.0,45500.0,-2.26,-1029563.0,-634396.0
449,46850.0,47000.0,46250.0,46550.0,1.53,-1345620.0,942503.0
450,44600.0,46250.0,44050.0,45850.0,4.09,880396.0,5205481.0
451,43800.0,44200.0,43100.0,44050.0,0.34,671932.0,853878.0
452,43750.0,43900.0,43550.0,43900.0,0.46,-622476.0,842531.0
453,43950.0,44150.0,43450.0,43700.0,-1.13,1360557.0,-1709989.0
454,43800.0,44250.0,43700.0,44200.0,0.8,3770225.0,1605443.0
455,43700.0,44300.0,43550.0,43850.0,0.0,149635.0,1033609.0
456,44250.0,44450.0,43700.0,43850.0,-1.79,-951079.0,466689.0
457,44300.0,44950.0,44150.0,44650.0,2.29,1578922.0,602195.0
458,44400.0,44450.0,43650.0,43650.0,-0.34,1050428.0,-751778.0
459,44450.0,44800.0,43800.0,43800.0,-1.46,208038.0,354614.0
460,43400.0,44950.0,43400.0,44450.0,1.02,120965.0,650668.0
461,44000.0,44300.0,43700.0,44000.0,-0.56,-764631.0,275698.0
462,44600.0,45100.0,44150.0,44250.0,-1.34,146174.0,582724.0
463,46000.0,46100.0,44800.0,44850.0,-0.55,1011756.0,156086.0
464,46400.0,46500.0,45100.0,45100.0,-3.53,110319.0,-1492732.0
465,47000.0,47250.0,46750.0,46750.0,0.0,-12701.0,-428398.0
466,47350.0,47450.0,46500.0,46750.0,-1.27,-1218213.0,1330811.0
467,47400.0,47550.0,47050.0,47350.0,0.42,-49711.0,472217.0
468,46500.0,47150.0,46450.0,47150.0,0.43,36298.0,1205605.0
469,46500.0,47200.0,46200.0,46950.0,0.11,-1524872.0,881549.0
470,46750.0,47100.0,46500.0,46900.0,2.07,-625260.0,2536288.0
471,45850.0,46150.0,45450.0,45950.0,-0.54,421849.0,-264148.0
472,46500.0,46850.0,45850.0,46200.0,0.33,506965.0,463068.0
473,46750.0,46850.0,45650.0,46050.0,-3.05,-842805.0,-702931.0
474,46600.0,47500.0,46150.0,47500.0,2.81,977302.0,1825157.0
475,46400.0,46700.0,46000.0,46200.0,0.33,591933.0,-527904.0
476,44650.0,46250.0,44650.0,46050.0,2.33,-343372.0,609722.0
477,44500.0,45000.0,44250.0,45000.0,0.45,-46886.0,699916.0
478,45700.0,45700.0,44650.0,44800.0,-3.03,680004.0,1342296.0
479,46800.0,47100.0,46200.0,46200.0,-0.32,-1253036.0,2542611.0
480,46650.0,46950.0,46250.0,46350.0,0.43,-1177459.0,-922262.0
481,46650.0,47050.0,46150.0,46150.0,-0.54,-3405576.0,-107374.0
482,44800.0,46400.0,44800.0,46400.0,1.98,-572520.0,2799825.0
483,45050.0,45500.0,44350.0,45500.0,1.0,-2025661.0,1376923.0
484,45000.0,45500.0,44600.0,45050.0,0.67,-4322337.0,3468085.0
485,44300.0,44750.0,43750.0,44750.0,3.95,-1966229.0,3838079.0
486,43050.0,43100.0,42350.0,43050.0,2.5,-2295297.0,4684037.0
487,41350.0,42250.0,41350.0,42000.0,-0.36,2379981.0,-376984.0
488,42750.0,42850.0,41850.0,42150.0,-1.4,44175.0,1248427.0
489,42700.0,42750.0,41900.0,42750.0,1.06,80532.0,69167.0
490,42000.0,42400.0,41950.0,42300.0,0.83,39044.0,13228.0
491,41700.0,42100.0,41450.0,41950.0,1.21,-834704.0,1597684.0
492,41150.0,41450.0,40700.0,41450.0,0.85,-478720.0,994532.0
493,40050.0,41100.0,39850.0,41100.0,2.62,736080.0,2070901.0
494,40450.0,40700.0,39850.0,40050.0,-1.11,-2023616.0,-58285.0
495,40350.0,40550.0,39950.0,40500.0,1.76,-626837.0,481477.0
496,40000.0,40150.0,39600.0,39800.0,0.51,-2554908.0,-346617.0
497,38650.0,39600.0,38300.0,39600.0,3.94,35641.0,3597889.0
498,38000.0,39200.0,37950.0,38100.0,-1.68,1334263.0,1216480.0
499,38000.0,38900.0,37800.0,38750.0,3.47,-270253.0,3440660.0
500,37450.0,37600.0,36850.0,37450.0,-0.4,895904.0,68475.0
501,38300.0,38550.0,37450.0,37600.0,-2.97,-1851235.0,1023500.0
502,39400.0,39400.0,38550.0,38750.0,0.13,-545197.0,623595.0
503,38250.0,38900.0,38200.0,38700.0,1.18,-1650812.0,674323.0
504,38700.0,38800.0,38100.0,38250.0,-0.26,-3775972.0,1121677.0
505,38400.0,38750.0,38300.0,38350.0,-1.16,1166026.0,465590.0
506,38500.0,39050.0,38300.0,38800.0,0.39,1094387.0,424014.0
507,38200.0,38650.0,38100.0,38650.0,0.0,2993918.0,1133773.0
508,38600.0,39100.0,38500.0,38650.0,-1.15,306859.0,-290144.0
509,38900.0,39350.0,38850.0,39100.0,0.51,988607.0,1624822.0
510,38300.0,39200.0,38300.0,38900.0,-0.64,1816691.0,739288.0
511,38650.0,39600.0,38650.0,39150.0,0.51,1399712.0,2232448.0
512,40200.0,40200.0,38700.0,38950.0,-2.63,-2268536.0,-141161.0
513,40650.0,40750.0,40000.0,40000.0,-1.11,-3307941.0,-513713.0
514,40250.0,40700.0,40150.0,40450.0,0.5,626393.0,868702.0
515,40600.0,40700.0,40200.0,40250.0,0.12,-606101.0,323834.0
516,40450.0,40650.0,40000.0,40200.0,-1.83,941169.0,-1032281.0
517,40900.0,41400.0,40850.0,40950.0,1.11,-384536.0,-311463.0
518,40600.0,41100.0,40450.0,40500.0,-2.29,780991.0,-1894759.0
519,40900.0,41750.0,40850.0,41450.0,-1.66,1769825.0,-544690.0
520,42650.0,42900.0,41900.0,42150.0,-2.54,-1776934.0,-1213779.0
521,42750.0,43400.0,42400.0,43250.0,3.35,-1025629.0,1575336.0
522,43450.0,44000.0,41750.0,41850.0,-3.01,-1829036.0,-1200637.0
523,43850.0,43850.0,42900.0,43150.0,0.0,-8314.0,319587.0
524,42800.0,43200.0,42750.0,43150.0,0.23,717269.0,209117.0
525,42900.0,43100.0,42500.0,43050.0,1.06,-884591.0,296222.0
526,42150.0,42800.0,42100.0,42600.0,0.47,2181935.0,-560488.0
527,42450.0,42600.0,41900.0,42400.0,-0.12,-555988.0,115950.0
528,42000.0,42650.0,42000.0,42450.0,0.83,669522.0,-500670.0
529,41800.0,42300.0,41800.0,42100.0,-1.64,1732590.0,-1823878.0
530,42450.0,43000.0,42100.0,42800.0,-1.95,1139396.0,-217016.0
531,44050.0,44250.0,43450.0,43650.0,-0.8,389064.0,251768.0
532,44600.0,44750.0,43700.0,44000.0,-0.56,-466955.0,-205667.0
533,44050.0,44350.0,43500.0,44250.0,0.34,633166.0,-528407.0
534,44500.0,44500.0,43800.0,44100.0,-0.9,395110.0,645593.0
535,43900.0,44500.0,43400.0,44500.0,-1.55,1408316.0,223767.0
536,43850.0,45250.0,43700.0,45200.0,2.03,1058406.0,579800.0
537,44450.0,44850.0,43900.0,44300.0,0.57,-695425.0,219749.0
538,44900.0,45050.0,44050.0,44050.0,0.11,-735490.0,1176071.0
539,43600.0,44500.0,43400.0,44000.0,0.57,1320324.0,2123017.0
540,43750.0,43800.0,42950.0,43750.0,-0.11,-435917.0,1135505.0
541,43750.0,43800.0,42900.0,43800.0,-0.79,-1996695.0,796928.0
542,43050.0,44250.0,42800.0,44150.0,4.74,-978915.0,3988553.0
543,42450.0,42950.0,42150.0,42150.0,-0.59,-2058884.0,948670.0
544,42900.0,43350.0,41700.0,42400.0,0.12,-2462736.0,2527757.0
545,41400.0,43000.0,41000.0,42350.0,2.29,2678505.0,357257.0
546,40850.0,41950.0,40550.0,41400.0,0.98,4359252.0,1431470.0
547,41100.0,41300.0,40400.0,41000.0,0.0,1510898.0,1341927.0
548,40600.0,41550.0,40550.0,41000.0,-3.64,5246328.0,-345649.0
549,43050.0,43100.0,42250.0,42550.0,-1.16,4017269.0,-170292.0
550,43300.0,43450.0,42550.0,43050.0,-1.15,-155788.0,-518921.0
551,43450.0,43950.0,43200.0,43550.0,-0.8,249017.0,1979116.0
552,43900.0,44150.0,43450.0,43900.0,-0.34,577241.0,-43808.0
553,43950.0,44450.0,43700.0,44050.0,-0.23,-1360534.0,1173696.0
554,44150.0,44500.0,44000.0,44150.0,1.26,78141.0,-311949.0
555,43700.0,44150.0,43350.0,43600.0,-0.46,-695783.0,-53201.0
556,44050.0,44050.0,43350.0,43800.0,-0.45,-1460858.0,533715.0
557,43200.0,44650.0,43200.0,44000.0,2.09,-583657.0,5247.0
558,44000.0,44650.0,43100.0,43100.0,-4.86,2127126.0,-3909848.0
559,45250.0,45500.0,44500.0,45300.0,0.78,805478.0,-193724.0
560,44200.0,45200.0,44200.0,44950.0,0.56,258139.0,-250253.0
561,44800.0,45500.0,44550.0,44700.0,0.0,417896.0,-1127541.0
562,45150.0,45600.0,44700.0,44700.0,-2.19,1339527.0,-1870671.0
563,46450.0,46700.0,45700.0,45700.0,-1.4,-449070.0,456767.0
564,46450.0,46800.0,45800.0,46350.0,-0.22,-809728.0,795736.0
565,47250.0,47250.0,46300.0,46450.0,-2.21,920407.0,300243.0
566,46950.0,47500.0,46450.0,47500.0,0.21,-1257388.0,-638748.0
567,46550.0,47550.0,46550.0,47400.0,0.32,25911.0,-1073674.0
568,46850.0,47600.0,46400.0,47250.0,2.38,-310031.0,667402.0
569,46000.0,46200.0,45700.0,46150.0,1.43,-382583.0,45347.0
570,44950.0,45900.0,44700.0,45500.0,0.78,-152329.0,434636.0
571,45550.0,45800.0,44900.0,45150.0,-1.53,-1901413.0,-1532463.0
572,45000.0,45850.0,44900.0,45850.0,4.09,576335.0,1956668.0
573,44550.0,44750.0,44000.0,44050.0,-1.12,2873555.0,-660018.0
574,44900.0,45100.0,44500.0,44550.0,-1.11,1280568.0,-1385753.0
575,45550.0,45900.0,45050.0,45050.0,-0.99,-187125.0,-735188.0
576,45450.0,45550.0,45000.0,45500.0,1.34,-1461569.0,404956.0
577,44500.0,45200.0,44400.0,44900.0,-2.6,1883941.0,-2424775.0
578,46200.0,46400.0,45800.0,46100.0,-1.07,259891.0,-510198.0
579,47300.0,47450.0,46400.0,46600.0,-2.2,-1188043.0,335305.0
580,47550.0,47800.0,47200.0,47650.0,0.42,-491897.0,387603.0
581,48200.0,48300.0,47300.0,47450.0,-2.06,591037.0,16711.0
582,47100.0,48450.0,47000.0,48450.0,1.68,-247271.0,5597.0
583,46950.0,47950.0,46700.0,47650.0,1.82,-1490979.0,1102806.0
584,46750.0,46800.0,46400.0,46800.0,0.54,-239143.0,1114787.0
585,46800.0,46950.0,46300.0,46550.0,0.54,-303513.0,1267470.0
586,46100.0,46550.0,46000.0,46300.0,0.33,-430297.0,742698.0
587,45900.0,46400.0,45550.0,46150.0,-0.11,-378222.0,1034062.0
588,46150.0,46200.0,45700.0,46200.0,0.22,-480485.0,415699.0
589,45150.0,46200.0,44900.0,46100.0,2.9,-1506140.0,1214069.0
590,43700.0,44900.0,43700.0,44800.0,2.17,656100.0,605499.0
591,43500.0,44200.0,43500.0,43850.0,-0.57,215106.0,147890.0
592,44050.0,44400.0,44050.0,44100.0,-0.34,-1510599.0,-223664.0
593,43800.0,44650.0,43700.0,44250.0,-1.99,180682.0,-740747.0
594,44850.0,45400.0,44850.0,45150.0,0.22,265249.0,157883.0
595,44950.0,45100.0,44650.0,45050.0,-0.77,368891.0,1688248.0
596,46150.0,46400.0,44850.0,45400.0,-3.2,-4204792.0,-866743.0
597,47000.0,47050.0,46450.0,46900.0,0.21,2295371.0,1506947.0
598,47000.0,47000.0,46550.0,46800.0,0.21,-909721.0,1300832.0
599,46300.0,46750.0,45900.0,46700.0,1.97,-1043219.0,2393242.0
600,46150.0,46150.0,45750.0,45800.0,0.11,-781180.0,1568507.0
601,45850.0,45900.0,45450.0,45750.0,0.44,-954176.0,797745.0
602,46550.0,46800.0,45500.0,45550.0,-2.15,-2068770.0,-869784.0
603,46050.0,46850.0,46050.0,46550.0,0.65,-548766.0,1381659.0
604,46200.0,46450.0,46000.0,46250.0,-0.54,393799.0,-67092.0
605,46550.0,46800.0,46350.0,46500.0,-0.85,-979604.0,645995.0
606,46450.0,47000.0,46450.0,46900.0,0.0,570916.0,587548.0
607,46100.0,47000.0,46000.0,46900.0,1.63,305422.0,918306.0
608,46250.0,46550.0,45900.0,46150.0,0.0,1527920.0,504340.0
609,46350.0,46600.0,45950.0,46150.0,-0.75,1228055.0,-247137.0
610,47100.0,47200.0,46150.0,46500.0,-2.0,1377689.0,-484301.0
611,47000.0,47600.0,46700.0,47450.0,1.17,1060173.0,-234294.0
612,47050.0,47200.0,46600.0,46900.0,0.75,821452.0,-817617.0
613,46700.0,47200.0,46450.0,46550.0,1.53,-634474.0,2278981.0
614,46150.0,46200.0,45600.0,45850.0,-0.43,467924.0,-246026.0
615,46800.0,46800.0,46000.0,46050.0,-0.97,-612802.0,533107.0
616,45800.0,46500.0,45750.0,46500.0,2.2,501088.0,477441.0
617,45900.0,46250.0,45450.0,45500.0,-1.09,-455559.0,-135946.0
618,46400.0,46450.0,45400.0,46000.0,-0.65,-1072892.0,-1603647.0
619,46200.0,46550.0,46100.0,46300.0,1.54,-566603.0,-136123.0
620,45500.0,46100.0,45200.0,45600.0,1.56,1297075.0,-306314.0
621,45500.0,45850.0,44650.0,44900.0,-2.29,-247459.0,-2641430.0
622,46100.0,46550.0,45600.0,45950.0,-0.65,541984.0,-646880.0
623,46700.0,47050.0,46050.0,46250.0,0.22,-100029.0,-1422367.0
624,45750.0,46450.0,45750.0,46150.0,1.32,-47120.0,-993654.0
625,46500.0,47150.0,45500.0,45550.0,-2.36,-386802.0,-2503535.0
626,46250.0,47150.0,46200.0,46650.0,-0.32,-1372038.0,-1494735.0
627,46850.0,47150.0,46600.0,46800.0,-2.4,764241.0,-2579244.0
628,47450.0,48500.0,47000.0,47950.0,2.02,-486406.0,-4209.0
629,45900.0,47300.0,45900.0,47000.0,0.75,2042042.0,-432950.0
630,47050.0,47050.0,46150.0,46650.0,-1.27,-46631.0,-556158.0
631,47000.0,47250.0,46200.0,47250.0,0.43,-392974.0,-496065.0
632,47900.0,47900.0,47050.0,47050.0,0.11,-1251387.0,-1208430.0
633,47450.0,47600.0,46850.0,47000.0,0.0,224445.0,-1119455.0
634,47200.0,47350.0,46500.0,47000.0,0.86,1060321.0,-801359.0
635,47600.0,47650.0,46200.0,46600.0,-2.2,2764748.0,-1554769.0
636,48500.0,48700.0,47650.0,47650.0,-1.14,1424010.0,-3933277.0
637,49000.0,49000.0,48200.0,48200.0,-2.43,990562.0,-1639134.0
638,49700.0,49800.0,49250.0,49400.0,-1.0,-606408.0,-108693.0
639,49750.0,50300.0,49350.0,49900.0,0.5,706218.0,798615.0
640,50200.0,50400.0,49600.0,49650.0,-1.88,-5642790.0,-757713.0
641,51800.0,51800.0,50500.0,50600.0,-1.36,-913940.0,1246771.0
642,51100.0,51400.0,50400.0,51300.0,0.39,-962124.0,1173108.0
643,50800.0,51200.0,50700.0,51100.0,-0.39,-439052.0,2203320.0
644,50500.0,51700.0,49950.0,51300.0,1.18,-540644.0,1911722.0
645,50400.0,50800.0,49850.0,50700.0,2.42,-23615580.0,2170673.0
646,51300.0,51500.0,49100.0,49500.0,-3.51,-3692779.0,-3447819.0
647,52200.0,52500.0,51300.0,51300.0,-1.91,-1278312.0,-1075647.0
648,52500.0,53000.0,52000.0,52300.0,-0.76,310922.0,318269.0
649,51000.0,52800.0,50800.0,52700.0,2.53,743664.0,2423102.0
650,52000.0,52000.0,51100.0,51400.0,-0.77,-1620133.0,-450588.0
651,50600.0,52000.0,50400.0,51800.0,3.6,532182.0,-721654.0
652,49650.0,50200.0,49100.0,50000.0,1.01,356815.0,-598474.0
653,49900.0,49900.0,49350.0,49500.0,0.2,112622.0,-1030440.0
654,50300.0,50500.0,49400.0,49400.0,-0.9,751607.0,-1138711.0
655,49200.0,50200.0,49150.0,49850.0,1.32,1329444.0,1395579.0
656,50200.0,50400.0,49100.0,49200.0,-1.8,-1856711.0,508595.0
657,51000.0,51100.0,49900.0,50100.0,-2.34,-990390.0,-32588.0
658,52000.0,52200.0,51200.0,51300.0,-0.58,-495810.0,847176.0
659,51700.0,51700.0,50600.0,51600.0,1.38,224160.0,-721609.0
660,52600.0,52800.0,50900.0,50900.0,-3.23,-1198028.0,-663462.0
661,52600.0,53200.0,51900.0,52600.0,1.35,-1049663.0,-1441124.0
662,53000.0,53900.0,51800.0,51900.0,-2.08,-11260560.0,42607.0
